이름,일본어명,위도,경도,구,주소,우편번호,요리,계통,가격,전화,예약,미쉐린링크,인스펙터코멘트
Ramenya Toy Box,ラーメン屋 トイ・ボックス,35.731118,139.792083,아라카와구,"1-1-3 Higashinippori, Arakawa-ku",116-0014,라멘,면,¥,+81 3-6458-3664,,https://guide.michelin.com/en/tokyo-region/tokyo/restaurant/ramenya-toy-box,"The chef’s starting point is the ramen his grandmother cooked for him when he was a child. He added ‘Toy Box’ to the name because he wanted to create ramen that holds the same excitement for his guests as a box of toys does for a child. Soy sauce ramen, the shop’s flagship offering, is constantly tinkered with to improve it. In search of a depth of gustatory experience, over 10 types of soy sauce are combined in the broth. Yet the ramen is a dish of simple happiness; noodles from the good old days."
Hashimoto,はし本,35.709277,139.736306,분쿄구,"2-5-7 Suido, Bunkyo-ku",112-0005,장어,일식,¥,+81 3-3811-4850,가능,https://guide.michelin.com/en/tokyo-region/tokyo/restaurant/hashimoto,"The hiragana character ‘u’ (for unagi, ‘eel’) emblazons the lantern hanging outside this old-style detached house, while the fluttering noren proudly proclaims ‘Founded in 1835’. Preserving Hashimoto, a family business in continuous operation since the days of the shogunate, is the sixth-generation chef. Classic Edo-style grilled eel is served, prepared with a tare sauce passed down through generations. While we wait for our ‘Unaju’, broiled eel with rice in a lacquered box, a variety of skewers arrive to delight us, including grilled eel liver, ribs, and fin rich with its flavour."
Ma Poule,マ プール,35.716254,139.757224,분쿄구,"2-19-17 Nishikata, Bunkyo-ku",113-0024,프렌치,유럽,¥¥,+81 3-3868-2518,,https://guide.michelin.com/en/tokyo-region/tokyo/restaurant/ma-poule,"The chef opened a small restaurant, Ma Poule to celebrate the appeal of Jura, in eastern France. This region, with its beautiful forests, valleys and wetlands and its wonderful ingredients and people, made a profound impression on the chef. Chicken and morels in sauce vin jaune is a Jura dish in which the chef takes great pride. This dish is paired with specially produced yellow wine. The façade and interior, and even proprietress’s clothing, are yellow as well. A restaurant filled with love of Jura."
Watabe,わたべ,35.711314,139.752119,분쿄구,"1-9-14 Koishikawa, Bunkyo-ku",112-0002,장어,일식,¥¥,+81 3-3812-7448,,https://guide.michelin.com/en/tokyo-region/tokyo/restaurant/watabe,"Watabe was founded as a fishmonger but morphed into a restaurant when it became known for the delicious eel the owner grilled at his shop. ‘Enma-ju’, which features both shirayaki, eel grilled without seasoning, and kabayaki, eel dipped and broiled in sweet sauce, served over rice in a box, is a tribute to Konnyaku-Enma, a deity enshrined in nearby Genkaku-ji Temple. In the evening, the menu takes on a distinctly French cast, with items such as terrine of kabayaki and foie gras and smoked eel with Brie de Meaux cheese. Eel cuisine Watabe style, with foundations in French cuisine, is the aim here."
wokotote,をことて,35.720302,139.763506,분쿄구,"2-35-1 Nezu, Bunkyo-ku",113-0031,일식,일식,¥¥,+81 3-5834-2144,가능,https://guide.michelin.com/en/tokyo-region/tokyo/restaurant/wokotote,"The chef studied the art of kaiseki multi-course meals. In addition to omakase set meals, he serves prix fixe meals to which à la carte items can be added, so diners can enjoy Japanese cuisine as they please. Sashimi is accompanied by a dipping sauce of malted rice and fish sauce; mixed platters of drinking snacks include grilled and fried items prepared with care. The shop name is inspired by grammatical particles used to form sentences in Japanese. Cuisine, people, drinks and interior blend agreeably together, so relax and let time flow by."
Biriyani Osawa,ビリヤニ大澤,35.69221,139.76607,지요다구,"B1F, 1-15-12 Uchikanda, Chiyoda-ku",101-0047,인도,아시아,¥,+81 3-6687-9853,가능,https://guide.michelin.com/en/tokyo-region/tokyo/restaurant/biriyani-osawa,"Once served in royal courts, biryani later became a beloved dish among the public. This rice dish, cooked with spices and various ingredients, is the restaurant’s sole offering—made with either mutton or chicken. The basmati rice is richly fragrant, with distinct, separate grains. Oil is used sparingly, to bring the umami of the ingredients and the flavours of the spices to the fore. Meal preparation is carefully timed so the biryani finishes cooking just as all guests are seated, ensuring everyone enjoys it in all its fresh-from-the-pot deliciousness. Passion and spirit imbue every dish."
SANTOSHAM,三燈舎,35.694763,139.762667,지요다구,"2F, 3-2 Kandaogawamachi, Chiyoda-ku",101-0052,인도,아시아,¥,+81 50-3697-2547,가능,https://guide.michelin.com/en/tokyo-region/tokyo/restaurant/santosham,"The cuisine of Kerala, a state on India’s southwest coast, takes the limelight here. The owner-couple, along with a chef from Kerala, are consummate ambassadors for the appeal of this culinary discipline. The sweetness of coconut, the pungency of curry leaves and the flavour of black pepper are standout features. Kerala is a coastal state, so seafood features prominently. Santosham means ‘happiness’ in the Malayalam language; the name is a prayer that good food and happiness will go hand in hand here."
ARROCERÍA La Panza,アロセリア ラ パンサ,35.673366,139.770106,주오구,"1-15-8 Ginza, Chuo-ku",104-0061,스페인,유럽,¥¥,+81 3-6228-6793,가능,https://guide.michelin.com/en/tokyo-region/tokyo/restaurant/arroceria-la-panza,"This restaurant specialises in Spanish rice cuisine. Sample rice dishes from every region of Spain: paella, said to be from Valencia; clams and rice cooked in a clay pot, from Basque Country; and caldero, rice simmered in an iron pot, from Mar Menor. Gathering around a table and sharing the same pot captures the joy of Spanish food culture. The range of appetisers, including dry-cured ham and tapas, is impressive. ‘Panza’ means ‘pot belly’, and you’re sure to leave satisfied in both stomach and soul."
Bistrot Vivienne,ビストロ ヴィヴィエンヌ,35.669678,139.768817,주오구,"4-13-19 Ginza, Chuo-ku",104-0061,프렌치,유럽,¥¥,+81 3-6273-2830,,https://guide.michelin.com/en/tokyo-region/tokyo/restaurant/bistrot-vivienne,"A bistro run by a sommelier and chef. Keen to impart a sense of everyday life in France, the partners focus on charcuterie and hometown cooking. Populating the menu are delights such as cassoulet, quenelle and beef cheek simmered in wine. Respecting the classics, dishes baked in pie pastry are also included. In keeping with the regional tenor of the bistro, wines of every region are here for the asking; pair them with dishes of the same region for the consummate mariage."
Chukasoba Ginza Hachigou,中華そば 銀座 八五,35.670563,139.770185,주오구,"3-14-2 Ginza, Chuo-ku",104-0061,라멘,면,¥,,가능,https://guide.michelin.com/en/tokyo-region/tokyo/restaurant/chukasoba-ginza-hachigo,"Aiming to provide a full-course meal in a bowl, the chef infuses Chinese soba with his experience in French cuisine for a unique touch. Most revolutionary is the absence of sauce. The soup is crafted by extracting flavours as if for a consommé and then perfectly balancing them with the saltiness of cured ham. The wontons are filled with a paste of foie gras and truffles. He combines all the Western ingredients he has mastered over the years into a single bowl."
Ginza HARU CHAN Ramen,銀座はるちゃんラーメン,35.67082,139.768831,주오구,"3-11-6 Ginza, Chuo-ku",104-0061,라멘,면,¥,+81 3-6260-6088,,https://guide.michelin.com/en/tokyo-region/tokyo/restaurant/ginza-haru-chan-ramen,"The chef, known to all as Haru-chan, pours all her energies into her shio ramen. The clear broth of pork and dried sardines is poured to the rim of the bowl. The colours of green onion, nori and wheat bran ‘flowers’ floating in wisps of pork fat make a comforting sight. Noodles are pounded flat for a satisfyingly plump texture. Roasted pork fillet, simmered with the soup, brings the whole dish together. To stay close to the community it serves, the restaurant remains open even between lunch and dinner times."
GINZA KATSUKAMI II,ぎんざ かつかみ弐,35.670064,139.762822,주오구,"4F, Kojun Bldg, 6-8-7 Ginza, Chuo-ku",104-0061,돈카츠,일식,¥¥,+81 3-6264-6775,가능,https://guide.michelin.com/en/tokyo-region/tokyo/restaurant/ginza-katsukami-ii,"Service at this tonkatsu restaurant is prix fixe only. Along with the familiar fillet and pork loin cutlets, you’ll find rare cuts such as rump and round tip, fried one slice at a time. Several name-brand pork varieties are available to taste and compare, each one tender and succulent. A few unexpected entries, such as minced pork burgers, add whimsy into the mix. It’s a concept that makes sense: unique prix fixe menus of tonkatsu, each item served piping hot from the kitchen."
Hamacho Kaneko,浜町 かねこ,35.684005,139.788273,주오구,"3-7-3 Nihombashihamacho, Chuo-ku",103-0007,소바,면,¥,+81 3-4291-3303,,https://guide.michelin.com/en/tokyo-region/tokyo/restaurant/hamacho-kaneko,"The chef loves the culture of soba-mae, which refers to enjoying sake and snacks before the soba arrives. A full range of drinking snacks are available to tempt you, including baked devil’s tongue coated with miso, and simmered beef sinew. Tempura varies with the seasons, ranging from shrimp and conger eel to edible wild plants, young sweetfish, mushroom and oyster. Soba is 100% buckwheat noodles, cut thin. Dipping sauces are varied as well, including sesame, grated yam and curry. Meoto, meaning ‘married couple’ is a popular dish combining soba with udon."
HOPPERS,ホッパーズ,35.681353,139.778125,주오구,"7-1 Nihombashikabutocho, Chuo-ku",103-0026,스리랑카,아시아,¥¥,+81 3-6890-1547,가능,https://guide.michelin.com/en/tokyo-region/tokyo/restaurant/hoppers-1206470,"Love of spices inspires the chef of this house of Sri Lankan cuisine. When he says the national dish of Sri Lanka is ‘rice and curry’, he doesn’t just mean rice with curry. The phrase refers specifically to a set menu of several types of curry, side dishes, and rice. In keeping with tradition, the curry is made with Maldive fish, a type of shaved bonito. Distinctively, the rice is a mixture of basmati rice and Japanese rice."
Katsuyoshi,かつ好,35.686215,139.781217,주오구,"3-4-11 Nihombashiningyocho, Chuo-ku",103-0013,돈카츠,일식,¥,+81 3-6231-0641,,https://guide.michelin.com/en/tokyo-region/tokyo/restaurant/katsuyoshi,"You’ll find Katsuyoshi in a back-alley of Ningyocho. The interior of the shop, a refurbished traditional home, uses recycled wood to convey a retro feel. In the kitchen, you’ll see two copper pots. When deep-frying pork cutlets, the owner-chef uses hotter oil for some dishes and cooler oil for others. Fried seafood morsels such as scallop and tiger prawn are popular. If you get a seat at the counter, you can watch the chef’s work, which starts with preparing the meat."
LA BETTOLA da Ochiai,ラ・ベットラ・ダ・オチアイ,35.672764,139.771142,주오구,"1-21-2 Ginza, Chuo-ku",104-0061,이탈리안,유럽,¥¥,+81 3-3567-5656,,https://guide.michelin.com/en/tokyo-region/tokyo/restaurant/la-bettola-da-ochiai,"‘La Bettola’ is Italian for ‘the dining hall’. With its casual atmosphere and fare that is good value for money, this trattoria draws throngs of guests day after day. The menu is crammed with regional cuisines and seasonal dishes. The prix fixe selection allows a choice of items—you’ll find it hard to make up your mind. For the appetiser, we recommend the combination platter, generous in both portions and variety. Sea urchin spaghetti is a perennial favourite."
Le Nougat,ヌガ,35.669271,139.764924,주오구,"6-12-2 Ginza, Chuo-ku",104-0061,프렌치,유럽,¥¥,+81 3-6254-5105,가능,https://guide.michelin.com/en/tokyo-region/tokyo/restaurant/le-nougat,"The restaurant’s name is inspired by a chanson song. Inside, red bench seating, French movie posters and chanson playing in the background all recreate the feel of a Paris bistro. The menu is an assemblage of French village fare. Each plateful serves two, encouraging sharing. With an extensive list of wines from every region of France, many available by the glass, you can delight in the experience of pairing your dish with wines of the same region."
Les Copains de DOMINIQUE BOUCHET,レ・コパン ドゥ ドミニク・ブシェ,35.671997,139.761755,주오구,"B1F, 5-1-8 Ginza, Chuo-ku",104-0061,프렌치,유럽,¥¥,+81 3-6264-6566,가능,https://guide.michelin.com/en/tokyo-region/tokyo/restaurant/les-copains-de-dominique-bouchet,A bistro by Dominique Bouchet. The theme is ‘bistronomy’: a bistro with added gastronomic enhancements. Favourites such as pâté en croûte and steak frites are everyday standards in France. Lobster macaroni is a Bouchet speciality that captures the hearts of Parisian epicures. Savour the profundity of French cuisine from popular fare to modern haute cuisine.
Osteria da K. [káppa],オステリア ダ カッパ,35.668851,139.761527,주오구,"5F, 8-7-2 Ginza, Chuo-ku",104-0061,이탈리안,유럽,¥¥,+81 3-6274-6620,,https://guide.michelin.com/en/tokyo-region/tokyo/restaurant/osteria-da-k-kappa,"An osteria presented by a sushi shop. After apprenticing in Italy, the chef helped out at a sushi restaurant before taking charge here. Seafood, procured from the chef’s personal sources, catches the eye. Cut ends of abalone and fish make a seafood ragù for pasta, born from meals prepared for employees. Acqua pazza is enhanced with kombu water for an even more delicious dish. Cuisine that brings out the best in the ingredients, backed by the skills of Italy and Japan."
Yaesu Unagi Hashimoto,八重洲 鰻 はし本,35.681677,139.771301,주오구,"1-5-10 Yaesu, Chuo-ku",103-0028,장어,일식,¥¥,+81 50-1808-6166,가능,https://guide.michelin.com/en/tokyo-region/tokyo/restaurant/yaesu-unagi-hashimoto,"An old wooden sign catches the eye: ‘Unagi – eat this, and there is no need for medicine.’ This reflects the founder’s belief in eel as a nourishing food. The fourth-generation chef honours tradition while adapting to the present. The Unatsugu-ju carries the spirit of passing eel culture to the future, with efforts to release juvenile eels into the sea to replenish wild stocks. In step with the times, a counter seat offers a view of the craftsmen at work."
YAMATO,ヤマト,35.688123,139.784335,주오구,"16-3 Nihombashitomizawacho, Chuo-ku",103-0006,이자카야,일식,¥¥,+81 3-3661-8010,,https://guide.michelin.com/en/tokyo-region/tokyo/restaurant/yamato-1194199,"Here the speciality is chargrilled vegetables and seafood. Guests gather around the hearth and charcoal brazier to enjoy the rising aroma of the seafood and vegetables while savouring sake. Among the favourites are the large clams and dried, salted ichiyaboshi fish. Seasonal delicacies like bamboo shoots and mushrooms are also available. The proprietress expertly handles the grilling duties, carefully tending to the charcoal fire. ‘Yamato’ is the name of her family's river fish shop, serving as the inspiration for the owner's charcoal cooking."
Ittoan,一東菴,35.763091,139.728912,기타구,"2-16-10 Higashijujo, Kita-ku",114-0001,소바,면,¥,+81 3-6903-3833,,https://guide.michelin.com/en/tokyo-region/tokyo/restaurant/ittoan,"The chef helps out on farms all over Japan, forming bonds of trust with farmers. If you’re interested in the differences among various kinds of soba, we recommend the ‘Sanshu Seiro’, three kinds of soba served on a wickerwork tray. He grinds and kneads each soba differently according to type and region of origin, so the character of each shines through. Sometimes, the chef says, he mixes coarse-ground and fine-ground soba from the same region. His tireless curiosity yields a never-ending variety of flavours."
TRATTORIA BUCA&#39;MASSIMO,トラットリア ブカ・マッシモ,35.670349,139.798513,고토구,"1-24-11 Tomioka, Koto-ku",135-0047,이탈리안,유럽,¥¥,+81 3-5809-9022,가능,https://guide.michelin.com/en/tokyo-region/tokyo/restaurant/trattoria-buca-massimo,"‘A backstreet Italian eatery’ is how this trattoria bills itself. The chef professes his love of Tuscany through his cooking, which includes crostini of chicken-liver paste; beef tripe simmered in the Florentine style; Pici, akin to a thick spaghetti, in tomato ragú is a Sienese primo piatto. The meat elegantly grilled over charcoal flame is best enjoyed with a bottle of red wine."
AUDACE,アウダチェ,35.64477,139.697899,메구로구,"3-8-1 Kamimeguro, Meguro-ku",153-0051,이탈리안,유럽,¥¥,+81 3-6451-2146,가능,https://guide.michelin.com/en/tokyo-region/tokyo/restaurant/audace,Guests gather around one large table and the kitchen and dining room meld into one as the sounds and aromas of cooking drift on the air. The menu features hometown cooking with touches of originality. Veal in tuna sauce is enlivened with saffron; gorgonzola and green peppers are added to pasta with tomato sauce. Mains such as beef and pork are grilled simply over charcoal.
Le Monde Gourmand,ル モンド グルマン,35.608524,139.672178,메구로구,"2-17-15 Midorigaoka, Meguro-ku",152-0034,프렌치,유럽,¥¥,+81 3-5726-8657,가능,https://guide.michelin.com/en/tokyo-region/tokyo/restaurant/le-monde-gourmand,"The chef is experienced in the gastronomic ways of both Tokyo and Paris. Intent on reaching new heights while broadening the base of French cuisine, he opened a bistro. He showcases his talents with items baked in pie pastry. Beef simmered in red wine and potato au gratin highlight the appeal of regional cuisines. ‘Le Monde Gourmand’ translates as ‘the world of the food lover’, and as the name suggests, this is the place to sample the world of fine dining in a casual setting."
Ramen Break Beats,ラーメン ブレイクビーツ,35.633515,139.698778,메구로구,"4-21-19 Meguro, Meguro-ku",153-0063,라멘,면,¥,,가능,https://guide.michelin.com/en/tokyo-region/tokyo/restaurant/ramen-break-beats,"The chef was a DJ in a former life, and the technique he applied in that calling, break beats, informs both the name of the restaurant and the music piped through the dining room. The signature dish is soy-sauce ramen, which owes its beautiful presentation and clear soup to careful preparation of the noodles. The purity of the broth delights the palate from the first mouthful. With rhythmic tempo, you’ll reel in the noodles and drink every drop of soup before you know it. A beat-driven bowl that hit big in Meguro."
Teuchi Asama,手打ち あさま,35.64274,139.698022,메구로구,"2-13-7 Kamimeguro, Meguro-ku",153-0051,라멘,면,¥,,,https://guide.michelin.com/en/tokyo-region/tokyo/restaurant/teuchi-asama,"The inclusion of ‘teuchi’ in the shop’s name reflects the distinctive quality of its handmade noodles—flat and springy. Dough is prepared daily and rested overnight, capturing the full flavour of the wheat. Noodles are cut when orders are placed, then kneaded to vary the texture. Mellow, flavoursome soup combines broth of chicken and seafood with ‘kaeshi’, a blend of soy sauce, sugar and mirin. Time and hard work deepen the flavour of each bowlful."
YAKUMO,八雲,35.65014,139.686847,메구로구,"3-6-15 Higashiyama, Meguro-ku",153-0043,라멘,면,¥,+81 3-6303-3663,,https://guide.michelin.com/en/tokyo-region/tokyo/restaurant/yakumo,"Customers flock to Yakumo for its famous wonton ramen. Two types of wonton, one with pork infused with the tang of ginger and the other with shrimp cooked to delightful texture, each play their part in the dish’s popularity. To enjoy both, order the special ‘Tokusei’ ramen. The choice of soups is ‘White dashi’ made with white soy sauce, ‘Black dashi’ using rich, dark soy sauce, and ‘Mix’, a mixture of the two. And choose from thin noodles or flat. This flexibility to tailor your order is a special pleasure of Yakumo."
AlCeppo,アルチェッポ,35.644588,139.731574,미나토구,"2F, 1-25-32 Shirokane, Minato-ku",108-0072,이탈리안,유럽,¥¥,+81 3-5424-1331,,https://guide.michelin.com/en/tokyo-region/tokyo/restaurant/alceppo,"Italy and Japan have much in common: a geography elongated north to south, for example, and a balance of four seasons. The features of both countries inform the menu of AlCeppo. From his experience touring the length and breadth of Italy, the chef expresses the local cuisine of each region through seasonal ingredients. From spring to summer, the fare of southern Italy is offered, typically focusing on fish and vegetables dressed in olive oil. From autumn to winter, northern cooking, such as mushrooms and stewed game, becomes the focus. A joy to visit in every season."
IRUCA TOKYO,入鹿 TOKYO,35.664771,139.731691,미나토구,"4-12-12 Roppongi, Minato-ku",106-0032,라멘,면,¥,,,https://guide.michelin.com/en/tokyo-region/tokyo/restaurant/iruca-tokyo,"The chef displays his originality in each bowl as he pursues a unique interpretation of ramen. Broths of clam, spiny lobster, free-range chicken and beef combine to create a soup of satisfying depth. Paste of porcini mushrooms and truffles switches up the flavour of soy-sauce ramen. Salt ramen is infused with yuzu flavoured butter to impart a creamy fragrance. ‘Iruca’ comes from the Japanese for ‘dolphin’, a symbol of peace and a message of friendship to spread across the oceans."
L&#39;AS,ラス,35.666014,139.717125,미나토구,"4-16-3 Minamiaoyama, Minato-ku",107-0062,프렌치,유럽,¥¥,+81 80-3310-4058,가능,https://guide.michelin.com/en/tokyo-region/tokyo/restaurant/l-as,"Simple yet refined fare, enjoyed in a casual setting. Keen to make French cuisine familiar to his clientele, the chef offers great taste at a reasonable price. Guests can enjoy their meals as if they were gathered around their own dinner tables. The chef changes the menu monthly, greeting diners with something different each time they visit. Cooks also bring dishes to tables for a seamlessly integrated dining experience."
LAUBURU,ローブリュー,35.659959,139.716589,미나토구,"6-8-18 Minamiaoyama, Minato-ku",107-0062,프렌치,유럽,¥¥,+81 3-3498-1314,,https://guide.michelin.com/en/tokyo-region/tokyo/restaurant/lauburu,"The number ‘64’ on the door refers to France’s 64th department: Pyrénées-Atlantiques, in the Basque Country. A devotee of pork culture, Shinichiro Sakurai is a lover of all things Basque, especially its pork cuisine. Having learned from charcuterie, Chef Sakurai places pork dishes front and centre: pâté and pig’s-head terrine as appetisers, boudin noir as a main dish. The Basque spirit lives and breathes in this back alley off Kotto-dori Street."
Les six,レ シス,35.651815,139.722428,미나토구,"2F, 5-15-25 Minamiazabu, Minato-ku",106-0047,프렌치,유럽,¥¥,+81 3-6826-2764,,https://guide.michelin.com/en/tokyo-region/tokyo/restaurant/les-six,"The chef mixes his own sensibilities into cuisine rooted in French bistro fare. The blackboard menu is a medley of authentic dishes and à la carte items made with seasonal ingredients. Generally, an appetiser and a main course is the perfect amount, but some items can be ordered as half portions, so ask your server."
Ma Cuisine,マ・キュイジーヌ,35.660937,139.7267,미나토구,"B1F, 1-2-14 Nishiazabu, Minato-ku",106-0031,프렌치,유럽,¥¥,+81 3-6455-4426,가능,https://guide.michelin.com/en/tokyo-region/tokyo/restaurant/ma-cuisine-1194175,"Ratatouille, cassoulet, beef cheek simmered in red wine: familiar regional fare covers the blackboard menu. Special attention is paid to Tokushima pork, which stars in numerous menu entries. Taking pride in the ingredients’ flavours, the chef shares a passion in common with the producers he relies on. A full range of pork cuisine is available, including cutlets and charcuterie. Ingredients are lightly salted to bring out their flavour, and portions are generous. The traditions of French food culture on full display."
Osobano Kouga,おそばの甲賀,35.660055,139.722767,미나토구,"2-14-5 Nishiazabu, Minato-ku",106-0031,소바,면,¥,+81 3-3797-6860,가능,https://guide.michelin.com/en/tokyo-region/tokyo/restaurant/osobano-kouga,"Taste sake and snacks while dining on soba. Think of the culture of the soba shop, the beloved essence of Edo popular culture, plunked down near Nishi-Azabu Intersection for the modern generation to enjoy, and you have the atmosphere of Osobano Kouga. Evenings bring prix fixe presentations that encourage you to linger over cups of sake. Tensui, tempura soba with the soba removed, is an old-timey snack. Soba in season and appetisers of vegetable or fish of the day are a delight."
ROZZO SICILIA,ロッツォ シチリア,35.646974,139.731756,미나토구,"1-1-12 Shirokane, Minato-ku",108-0072,이탈리안,유럽,¥¥,+81 3-5447-1955,,https://guide.michelin.com/en/tokyo-region/tokyo/restaurant/rozzo-sicilia,"The largest island in the Mediterranean, Sicily has flourished for centuries as a hub of trade, so the cuisines of many lands have been passed down here. The unique local dishes that sprang up on this island captured the heart of ROZZO SICILIA’s chef. Authentic recipes are valued, including aubergine caponata, fennel and sardine pasta and seafood couscous. Lemon as an essential accompaniment is another traditional touch. The chef’s cherished goal is to craft flavours that remind Sicilians of home."
Soba Tajima,蕎麦 たじま,35.654728,139.726132,미나토구,"3-8-6 Nishiazabu, Minato-ku",106-0031,소바,면,¥,+81 3-3445-6617,,https://guide.michelin.com/en/tokyo-region/tokyo/restaurant/soba-tajima,"A soba shop well stocked with vegetable cuisine in season. From the varied and extensive menu, choose an assortment of small items as well as vegetable dishes, and cap the meal with the soba of your choice. The surfeit of options can be bewildering but of course you can order soba one plate at a time. If you arrive at lunchtime, set menus of rice dishes await you as well. Seasoned staff serve with practiced skill and grace, welcoming you like a local no matter when you visit."
Sushi Mikata,鮨 三か田,35.647756,139.741381,미나토구,"4-1-4 Mita, Minato-ku",108-0073,스시,일식,¥¥,+81 70-8340-4141,가능,https://guide.michelin.com/en/tokyo-region/tokyo/restaurant/sushi-mikata,"The origins of Sushi Mikata go back to a standup sushi bar the chef went to with his father when he was a boy. Aiming to be a place where people could drop in casually for sushi, he emulated this standup format. Guests can order in amounts as small as one piece at a time. Both fish and vinegared-rice portions are generous, to impart the delightful feeling of filling one’s mouth. The chef runs Sushi Mikata with his wife, whose rolled Japanese-style omelettes are a hit with customers. The good-humoured banter between husband and wife keeps the atmosphere light."
T&#39;astous,タストゥー,35.649953,139.737004,미나토구,"2-5-21 Minamiazabu, Minato-ku",106-0047,프렌치,유럽,¥¥,+81 3-6435-4722,,https://guide.michelin.com/en/tokyo-region/tokyo/restaurant/t-astous,"T’astous presents as a ‘neo-bistro’, the sort of chic bistro you might find in Paris. Regional cooking arranged for a modern sensibility. The chef trained in the south of France, so he excels with foie gras and truffles that are this region’s gift to the world. The restaurant name is the word for a black-truffle canapé in the Cahors dialect. He expresses through his cuisine the wonder he felt upon tasting this delicacy in southwestern France."
Tachigui Sushi Tonari,立喰 鮨となり,35.655547,139.734852,미나토구,"2F, 2-8-7 Azabujuban, Minato-ku",106-0045,스시,일식,¥¥,+81 3-6453-9950,,https://guide.michelin.com/en/tokyo-region/tokyo/restaurant/tachigui-sushi-tonari,"Sushi Tonari means ‘sushi next door’, and indeed Tachigui Sushi Tonari is tucked away next to its flagship restaurant. The intimate space, quick turnover and experience of the youthful staff achieve a comfortable informality. Ordering is refreshingly casual, too: requesting one piece at a time is fine. The prevailing theme is ‘vinegar and sushi’. Rice seasoned with rice vinegar harmonises beautifully with the oil of the fish. Reservations, orders and billing are all managed on a digital system. Standing and eating, Edo’s street-stall dining culture, updated for the modern era."
Tempura Kakiage Yukimura,天ぷら かき揚げ 之村,35.661982,139.75356,미나토구,"6-13-13 Shimbashi, Minato-ku",105-0004,텐푸라,일식,¥,+81 3-6721-5343,,https://guide.michelin.com/en/tokyo-region/tokyo/restaurant/tempura-kakiage-yukimura,"‘Cheerful, fun, exciting’ sums up the credo of the owner-chef. The convivial atmosphere and friendly service attracts customers of every generation. The menu reflects this positive attitude, with bowls of rice with toppings, teishoku set meals and à la carte items available at both lunch and dinner. The dish of fame is the kakiage-don, a bowl of rice loaded up with shrimp. The chef treasures the advice he learned as an apprentice: ‘Offer top-rate food at third-rate prices’. He’s always smiling, trading jokes with his guests."
Yoshoku Edoya,洋食 エドヤ,35.644408,139.725583,미나토구,"6-6-1 Shirokane, Minato-ku",108-0072,요쇼쿠,일식,¥,+81 3-6721-9885,,https://guide.michelin.com/en/tokyo-region/tokyo/restaurant/yoshoku-edoya,"Yoshoku Edoya traces its establishment to1954, when its founder, having studied Western cuisine, converted a Japanese confectionery shop into a restaurant – it still bears the name it had at its founding. The perennial favourite here is hamburger steak, served with a generous helping of demi-glace and topped with a fried egg. The skills with which the beef is kneaded and grilled to lock in juices are those of a master craftsman. Flavours of the good old days make perfect companions for rice. Yoshoku Edoya honors both its own culinary heritage and the traditions of Western-style Japanese cuisine.<p></p><p></p>"
Sushi Yoshino,鮨 与志乃,35.697528,139.679189,나카노구,"B1F, 2-30-2 Chuo, Nakano-ku",164-0011,스시,일식,¥¥,+81 3-3371-8426,,https://guide.michelin.com/en/tokyo-region/tokyo/restaurant/sushi-yoshino,"The founder of Sushi Yoshino was once an apprentice at a well-known sushi restaurant in Tokyo’s Kyobashi district. When he became independent, he inherited the shop name, and now his heir and son have hung out their shingle together. Sushi toppings prepared in the old-school way are paired with sushi rice made with red vinegar. The shop captivates with the spirit of a true sushi restaurant. Lighting is used effectively in view of the basement location and the long counter of zelkova wood is a striking feature. Enjoy craftsmanship in both the sushi and the décor."
Teuchisoba Jiyusan,手打蕎麦 じゆうさん,35.729935,139.677122,나카노구,"3-1-4 Eharacho, Nakano-ku",165-0023,소바,면,¥¥,,,https://guide.michelin.com/en/tokyo-region/tokyo/restaurant/teuchisoba-jiyusan,"‘Jiyusan’ is a shop on Mejiro Street. The name is a play on the street’s old name, ‘Jusanken-dori’. Delicately thin seiro soba, made purely from buckwheat served on a wicker tray, offers a pleasing finish. Inaka soba is stone-ground by hand, one grain at a time using a pestle and mortar, and delivers a rich, deep flavour. Appetisers, patiently prepared using techniques the chef learned during his apprenticeship, set the tone—such as shrimp prepared in miso and grilled, or herring fillet simmered slowly over several days."
Sobakiri Suzuki,そばきり すゞ木,35.746817,139.572337,네리마구,"4-43-32 Minamioizumi, Nerima-ku",178-0064,소바,면,¥,+81 3-5387-2010,,https://guide.michelin.com/en/tokyo-region/tokyo/restaurant/sobakiri-suzuki,"Tucked away in a quiet residential neighbourhood, this soba shop welcomes guests only at lunchtime. The interior is done entirely in natural materials such as wood and stone, lending a homespun feel. Service is friendly and welcoming, placing the heart at ease. The menu consists solely of sobazen a set meal including fine soba noodles, appetisers, and soba-gaki. For those who prefer something sweet, the soba-gaki can be substituted with soba zenzai, a red bean soup made with the same buckwheat dough in dessert form. Quantities are limited so reservations are a must and can be made by phone from around 9:30 a.m. on the day."
Shinjiko Shijimi Chukasoba Kohaku,宍道湖しじみ中華蕎麦 琥珀,35.551272,139.711199,오타구,"2-1-3 Nishirokugo, Ota-ku",144-0056,라멘,면,¥,+81 3-6690-0893,가능,https://guide.michelin.com/en/tokyo-region/tokyo/restaurant/shinjiko-shijimi-chukasoba-kohaku,"After taking over his mother’s restaurant, the owner-chef opened his doors in the town where he was born and raised. The key to the flavour lies in the shijimi clams from Lake Shinji in Shimane Prefecture, after which the restaurant is named. The soup utilizes the umami of the shellfish’s succinic acid. To enjoy the true taste of the broth, we recommend the salt-flavoured option. The names of the fishermen who caught each day's clams are written on the blackboard, showing respect for both ingredients and producers."
Tonkatsu Enraku,とんかつ 燕楽,35.57294,139.704233,오타구,"6-1-4 Ikegami, Ota-ku",146-0082,돈카츠,일식,¥,+81 3-3754-8243,,https://guide.michelin.com/en/tokyo-region/tokyo/restaurant/tonkatsu-enraku,"The veteran owner-chef has devoted his life to tonkatsu pork cutlets. As he fries pork loin and fillet, he concentrates on the changing colour of the coatings and the hiss of oil in the copper pot. Cabbage is chopped by hand as the pork sizzles. Deft, precise movements calculated with the final result in mind reassure guests. Craftsmanship learned the old-fashioned way, through patient repetition of the master’s lessons, reflects a stance of uncompromising commitment."
Washokuya Taichi,和食や 太いち,35.604993,139.685082,오타구,"3-36-14 Kitasenzoku, Ota-ku",145-0062,이자카야,일식,¥¥,+81 3-6425-9122,,https://guide.michelin.com/en/tokyo-region/tokyo/restaurant/washokuya-taichi,"The generously portioned, inventive dishes reflect the chef’s desire to satisfy. The signature Taichi Salad is piled high with over 30 types of vegetable. Whether cut, grilled, steamed or fried, each dish is prepared to bring out the flavour of the ingredients. The seasonal specials listed on the blackboard are also inviting. In summer, fragrant roast corn with butter soy sauce is this restaurant’s speciality. Each season brings a reason to return."
BISTRO GLOUTON,ビストロ グルトン,35.648675,139.682312,세타가야구,"2-33-7 Ikejiri, Setagaya-ku",154-0001,프렌치,유럽,¥¥,+81 3-3410-5517,가능,https://guide.michelin.com/en/tokyo-region/tokyo/restaurant/bistro-glouton,"From down a back alley in Ikejiri, light beckons from a counter bistro. Draw closer and a crowded blackboard lists such a range of items, from French regional cuisine to Western-influenced dishes like hamburger steaks and croquettes, that you’ll hardly be able to choose. The menu doesn’t change, to keep quality consistent and high. ‘Glouton’ refers to someone who enjoys their food whole-heartedly. Every item here will tickle your fancy, and once you’ve sampled the food here, you’ll want to return."
DIALOGUE,ディアログ,35.664959,139.669812,세타가야구,"3-23-21 Kitazawa, Setagaya-ku",155-0031,프렌치,유럽,¥¥,+81 3-6804-8820,가능,https://guide.michelin.com/en/tokyo-region/tokyo/restaurant/dialogue-1200268,"Since the days of their apprenticeship, the chef and sommelier have encouraged each other through friendly rivalry. Their decision to locate DIALOGUE in a residential area stems from their desire to become a familiar face to the region. Lunches are prix fixe; dinners, à la carte. Much-loved French standards populate the menu. True to its name, the restaurant offers a sprawling menu in hopes that the choices available will stimulate conversation. The fun of choosing and the joy of tasting bring hearts together."
Gigio,ジージョ,35.644595,139.654755,세타가야구,"4-24-19 Wakabayashi, Setagaya-ku",154-0023,이탈리안,유럽,¥¥,+81 3-6805-4949,,https://guide.michelin.com/en/tokyo-region/tokyo/restaurant/gigio,"A trattoria where à la carte dining is encouraged with a comprehensive menu of regional cuisines. Pici served with tomato ragú laden with garlic and vegetable sformato are all flavours learned in the Italian countryside. A marble bar counter and Tuscan-style stone walls create a stylish space inspired by interiors in Tuscany. Steps from Shoin Shrine, this is Italian food culture with deep roots in daily life."
LANBRoA,ランブロア,35.628673,139.636268,세타가야구,"3-11-15 Yoga, Setagaya-ku",158-0097,스페인,유럽,¥¥,+81 3-6432-7017,,https://guide.michelin.com/en/tokyo-region/tokyo/restaurant/lanbroa,"The menu lists dishes from every corner of Spain, every one a precious memory of the chef. The preponderance of Basque dishes reflects her attendance of a cooking school in San Sebastián and apprenticeship at a restaurant there. We start with pintxo (pinchos), an apt choice for the Spanish pub atmosphere. Piquillo pepper stuffed with dried and salted cod, squid simmered in its ink and other Basque-country favourites are faithfully reproduced here. Experience the food culture of Spain."
Lien,リアン,35.651263,139.681147,세타가야구,"3-5-22 Ikejiri, Setagaya-ku",154-0001,프렌치,유럽,¥¥,+81 3-6413-8552,가능,https://guide.michelin.com/en/tokyo-region/tokyo/restaurant/lien,"‘Lien’ is French for ‘connection’. The chef, a native of Aomori Prefecture, uses both ingredients and crockery from that region of northern Honshu. Serving salmon from the Tsugaru Strait and Aomori Shamorock chicken on Tsugaru Kanayama Yaki pottery, the chef connects guests with producers through his cuisine. The comprehensive prix fixe menu is imbued with this sense of human connection. ‘Lien’ may mean a feeling of connection, but it also means a bond."
Seki Hanare,セキ ハナレ,35.6428,139.649926,세타가야구,"3-1-3 Setagaya, Setagaya-ku",154-0017,일식,일식,¥¥,+81 3-5450-5870,,https://guide.michelin.com/en/tokyo-region/tokyo/restaurant/seki-hanare,"Creative dining focused on affinity with sake. Appetisers are served as a combination platter, the better to keep the libations flowing. Tsukuri feature ingenious arrangements of condiments. Uniquely, meat dishes are an indispensable part. Each dish is generous, making every morsel an unforgettable memory. The collection of sake and shochu, amassed on visits to breweries, is impressive; as the shop specialises in local tipples, the wine and whisky selection is also strictly Japanese."
Tohakuan Karibe,東白庵 かりべ,35.663492,139.602984,세타가야구,"4-23-19 Kasuya, Setagaya-ku",157-0063,소바,면,¥,+81 3-6879-8998,,https://guide.michelin.com/en/tokyo-region/tokyo/restaurant/tohakuan-karibe,"With the temperament of an artist, the chef places everything in its proper proportion. Gathering unpolished buckwheat from Nagano and Niigata, he grinds the two together, checking moisture by hand to produce nihachi and juwari noodles. Soba and broth are served in harmony: as seiro, accompanied by soup redolent of katsuobushi, or as kake, steeped in hot katsuobushi broth. Side dishes are soba-shop favourites, such as Pacific herring simmered for days or seafood and buckwheat flour wrapped in nori and deep-fried."
ZUPPERIA OSTERIA PITIGLIANO,ズッペリア・オステリア・ピティリアーノ,35.643044,139.606484,세타가야구,"2F, 3-4-9 Soshigaya, Setagaya-ku",157-0072,이탈리안,유럽,¥¥,+81 3-3789-0017,,https://guide.michelin.com/en/tokyo-region/tokyo/restaurant/zupperia-osteria-pitigliano,"Pitigliano is a town the chef visited in his apprenticeship and has fond memories of. During his time in Italy, the chef was deeply impressed by the custom of ‘zuppa’, or dipping pieces of bread into soups of vegetables and beans, so the menu offers an extensive selection of soups. Honest flavours and presentations mirror the food culture of the Italian countryside, featuring simple handmade pasta and char-grilled fish and meat. Scenes of diners sharing from a single plate are a reflection of daily life in Italy."
Arrocería Sal y Amor,アロセリア サル イ アモール,35.65085,139.703514,시부야구,"B1F, 12-19 Daikanyamacho, Shibuya-ku",150-0034,스페인,유럽,¥¥,+81 3-5428-6488,가능,https://guide.michelin.com/en/tokyo-region/tokyo/restaurant/arroceria-sal-y-amor,"Folk songs play in the background of the exotic interior as dishes are ordered in Spanish all around you. An arroceron is a restaurant specialising in rice dishes. In addition to the familiar ‘paella’, here you’ll find ‘meloso’, a dish similar to risotto; ‘caldoso’, a dish of rice in broth; and a great variety of other offerings. Rice, the must-have ingredient for every dish, is a carefully selected, Japan-grown brand. Foods of Japan and Spain, brought together by rice."
BRAMASOLE,ブラマソーレ,35.670999,139.713757,시부야구,"3-42-5 Jingumae, Shibuya-ku",150-0001,이탈리안,유럽,¥¥,+81 3-6434-0615,,https://guide.michelin.com/en/tokyo-region/tokyo/restaurant/bramasole,"The chef honed his craft in multiple regions of Italy and the menu reflects this. Oven-baked aubergine and tomato, for example, was learned in Sicily in the south, while pasta in beef and pork ragù was acquired from Emilia-Romagna in the north. The menu is mainly à la carte, so that guests can sample his creations freely. Diners can choose long or short pasta according to preference."
Cristiano&#39;s,クリスチアノ,35.668592,139.689062,시부야구,1-51-10 Tomigaya Shibuya-ku,151-0063,포르투갈,유럽,¥¥,+81 3-5790-0909,,https://guide.michelin.com/en/tokyo-region/tokyo/restaurant/cristiano-s,"Japan and Portugal built a friendship during the Nanban trading era that has never faltered. The two countries share a culinary culture of fish and rice and a love of local cooking enjoyed at the family table. Items served include tempura octopus, char-grilled sardines, takikomi-gohan and gruel-like risotto. There’s also an extensive menu of à la carte options. Like the Portuguese wine, this fare is meant to be shared."
falò,ファロ,35.650023,139.704283,시부야구,"B1F, 14-10 Daikanyamacho, Shibuya-ku",150-0034,이탈리안,유럽,¥¥,+81 3-6455-0206,가능,https://guide.michelin.com/en/tokyo-region/tokyo/restaurant/falo,"The counter kitchen arrayed around a hearth suggests an open-air bonfire. The eyes are riveted to the chef as he grills the meat, throwing charcoal on the fire. The use of grilling close to the flame, grilling over an open hearth and directly placing ingredients on the charcoal, brings the ingredients and brightly burning charcoal into a tight embrace. Porchetta, patiently cooked for over an hour, is a popular item. Straw-grilled fish and foil-grilled vegetables whet curiosity and appetite. The chef works with practiced ease, laser-focused on the foodstuffs."
Hibino Chukashokudo,日々の中華食堂,35.669108,139.680787,시부야구,"1-33-11 Uehara, Shibuya-ku",151-0064,중식,중식,¥¥,+81 3-5790-9655,가능,https://guide.michelin.com/en/tokyo-region/tokyo/restaurant/hibino-chukashokudo,"Inside a modern space enveloped in the warmth of wood, the concept is togetherness, complementing daily life in Yoyogi Uehara. Based on Sichuan and Cantonese cuisines, the restaurant offers set meals like mapo tofu and boiled chicken during the day, and an à la carte menu in the evening. Like side dishes at home, the small dishes allow you to sample a variety of flavours. The whole crispy chicken is perfect for sharing. Friendly service makes for a pleasant experience."
IL BALLOND&#39;ORO,イル バロンドーロ,35.646608,139.715464,시부야구,"1-24-10 Ebisu, Shibuya-ku",150-0013,이탈리안,유럽,¥¥,+81 3-5422-8977,,https://guide.michelin.com/en/tokyo-region/tokyo/restaurant/il-ballond-oro,The walls are adorned with commemorative photographs and uniforms of Italian football players. The trattoria is named after the Ballon d'Or award presented to the top football players. The chef’s “Golden Risotto” glistens with the colour of saffron and is a testament to his past dreams of becoming a pro footballer. The menu is full of traditional dishes picked up from his travels throughout Italy from north to south.
jeeten,ジーテン,35.670403,139.68257,시부야구,"3-2-3 Nishihara, Shibuya-ku",151-0066,중식,중식,¥¥,+81 3-3469-9333,,https://guide.michelin.com/en/tokyo-region/tokyo/restaurant/jeeten,"The billboard says ‘Chinese home cooking, Yoshida style’ and refers to nourishing Chinese food, based on yakuzen (medicinal food). Having experienced the healing power of Chinese cuisine, the owner-chef strives to devise dishes that restore bodily vigour. Helpful comments on the menu detail the effects of each, such as how mapo tofu stimulates the appetite, or sweet and sour pork with black vinegar relieves fatigue. The Beatles and other classics play in the background, making everyone feel at home."
Katsuo Shokudo,かつお食堂,35.654087,139.702122,시부야구,"B1F, 7-12 Uguisudanicho, Shibuya-ku",150-0032,일식,일식,¥,+81 3-6877-5324,,https://guide.michelin.com/en/tokyo-region/tokyo/restaurant/katsuo-shokudo,"The eye is drawn to the shaver placed at the centre of the counter. The chef first encountered katsuobushi through the deliciousness of miso soup prepared by her grandmother. Overlaying her own image with that of her grandmother, she gently encloses the katsuobushi in both hands and shaves it with affection. Bonito is the star of the set menu: a main dish of grilled bonito, shaved bonito on rice, and miso soup made with bonito broth. The chef spreads the wonders of Japanese food culture while sharing the tales behind katsuobushi."
Kinoshita,キノシタ,35.681813,139.69341,시부야구,"3-37-1 Yoyogi, Shibuya-ku",151-0053,프렌치,유럽,¥¥,+81 3-3376-5336,가능,https://guide.michelin.com/en/tokyo-region/tokyo/restaurant/kinoshita-1197753,"Prix fixe is the rule here, but with plenty of room for choice. Traditional fare includes favourites such as pâté de campagne, smoked salmon and roast lamb. Standard dishes are always on the menu, constantly being improved as the chef hones his skills with each dish. The chef prepares his creations in silence, the very picture of the craftsman, pouring his passion into simple French cuisine that brings out the native goodness of the ingredients."
Kuhara,久原,35.65356,139.707711,시부야구,"2-25-38 Higashi, Shibuya-ku",150-0011,일식,일식,¥¥,+81 50-5596-3472,가능,https://guide.michelin.com/en/tokyo-region/tokyo/restaurant/koryori-kuhara,"The friendly couple who run Kuhara—the chef a disciple of Japanese cuisine, the proprietress a welcoming figure in kappo wear—make us instantly feel at home. The signature fare is duck. In addition to salt-grilled duck, they offer chilled breast stew in summer, and a hot duck stew called jibuni in winter. Dried baby fish with soy and pepper on rice and Kokusho miso soup of root vegetables are must-try items. Unripe pepper is gathered by the couple and their children when they visit her hometown in Tochigi Prefecture. Kokusho miso soup brings back memories for the chef, who sampled it when he applied to a restaurant specialising in shojin ryori."
le bistrot des bleus,ル ビストロ デ ブル,35.650758,139.721829,시부야구,"2F, EAT PLAY WORKS, 5-4-16 Hiro, Shibuya-ku",150-0012,프렌치,유럽,¥¥,+81 3-6447-7131,가능,https://guide.michelin.com/en/tokyo-region/tokyo/restaurant/le-bistrot-des-bleus,"The ‘blue’ of this ‘bistro of the blues’ refers to the blue in the French flag, which represents liberty. The young chef and sommelier enthusiastically pour out their passion for French cuisine. Home cooking from throughout France, such as choucroute and bouillabaisse, are available à la carte. Doors open at 3pm. Its location in a narrow restaurant row and the casual atmosphere within capture the bistro’s spirit of freedom.<br>"
Le cabaret,ル・キャバレ,35.670097,139.685344,시부야구,"8-8 Motoyoyogicho, Shibuya-ku",151-0062,프렌치,유럽,¥¥,+81 3-3469-7466,,https://guide.michelin.com/en/tokyo-region/tokyo/restaurant/le-cabaret-1194236,"A place to enjoy organic wine and bistro fare. The blackboard menu is filled with charcuterie such as salami and rillettes, a plentiful serving of crudités, and steak frites. Portions of this classic French cuisine are generous, perfect for sharing a plate. Signatures of wine growers who have visited the restaurant hang on the wall, telling a tale of ongoing exchange."
Los Reyes Magos,ロス レイエス マーゴス,35.677867,139.692365,시부야구,"5-55-7 Yoyogi, Shibuya-ku",151-0053,스페인,유럽,¥¥,+81 3-3469-8231,,https://guide.michelin.com/en/tokyo-region/tokyo/restaurant/los-reyes-magos,"The second-generation chef passes on the Catalonian cuisine that the first-generation chef acquired in Barcelona. Salad of sardines and egg like grandma used to make honours the memory of this couple’s mentors. Dried cod and parsley sauce and homemade sausages convey the flavours of Catalonia, while the well-worn pots attest to the popularity of the paella. Cuisine interwoven with warm memories echoes the journey this restaurant has traced."
Night Market,ナイトマーケット,35.659725,139.708022,시부야구,"2-6-6 Shibuya, Shibuya-ku",150-0002,동남아,아시아,¥¥,+81 3-6433-5516,가능,https://guide.michelin.com/en/tokyo-region/tokyo/restaurant/night-market-1241936,"The very name of the restaurant builds excitement ahead of guest’s visit. The concept is a night market, which has roots in Southeast Asia. The chef, inspired by hawker cuisine experienced across multiple countries, interprets street-market dishes through Japanese ingredients. The menu is à la carte, the origin of each dish indicated by national flags. A visit here feels like a tour of the night markets of Vietnam, Thailand, Indonesia and Malaysia. Cuisines, cultures and people mingle in an exotic atmosphere."
REI,レイ,35.670208,139.684517,시부야구,"10-8 Motoyoyogicho, Shibuya-ku",151-0062,중식,중식,¥¥,+81 3-6416-8803,,https://guide.michelin.com/en/tokyo-region/tokyo/restaurant/rei,"The concept is ‘neo-machichuka’, ‘machichuka’ denoting an unpretentious neighbourhood Chinese restaurant and ‘neo’ referencing an upgrade for modern tastes. A culinary tune-up, so to speak, with the accent on changing aromas and textures. Red sea-bream salad, for example, is dressed with scorched rice for a smoky fragrance. Mouth-watering chicken, prepared in black vinegar to deepen the flavour, accentuates red pepper and nutty texture. Menu items are reassuringly familiar, yet each recipe harbours a novel twist."
Tachiguisushi Sushikawa,立食い鮨 鮨川,35.67279,139.662367,시부야구,"1-62-6 Sasazuka, Shibuya-ku",151-0073,스시,일식,¥¥,+81 90-9260-3611,가능,https://guide.michelin.com/en/tokyo-region/tokyo/restaurant/tachiguisushi-sushikawa,"Sushi got its start as hawker food that flourished in Edo (old Tokyo). To impart a feeling for that culture, Tachiguisushi Sushikawa is a standup sushi bar (and is what the name means). No drinking snacks; this is nigiri only, which you can order piece by piece according to your taste. Sushi toppings display an old-school craftsmanship. The chef harbours doubts about the recent trend of taking sushi up-market, which is why he recreated the atmosphere of a real-deal, no-nonsense sushi joint. A sushi local where regulars come to chat with the chef."
Tonkatsu Nanaido,とんかつ 七井戸,35.671805,139.713803,시부야구,"3-42-11 Jingumae, Shibuya-ku",150-0001,돈카츠,일식,¥,+81 80-8190-1331,,https://guide.michelin.com/en/tokyo-region/tokyo/restaurant/tonkatsu-nanaido,"As a child, the chef was sometimes given tonkatsu as a special treat. That happy memory inspired him to open this tonkatsu restaurant. Insisting on meat rich with flavour, he uses name-brand pork only. A combination of chunky breadcrumbs and frying in relatively cool lard results in crisp batter and meat that turns succulent. Rice is cooked in clay pots, then transferred to round wooden tubs, bringing out the rice’s sweetness while preserving its fluffy plumpness. As the chef of a yakitori shop as well, he takes special pride in his chicken cutlets."
Torishige,鳥茂,35.687987,139.698876,시부야구,"2-6-5 Yoyogi, Shibuya-ku",151-0053,돼지고기,일식,¥¥,+81 3-3379-5188,,https://guide.michelin.com/en/tokyo-region/tokyo/restaurant/torishige,"This has been in operation since starting life as a food stall in the postwar years. An old photo on the first floor shows the original sign from those early days. The ‘Tori’ in Torishige reflects an earlier usage, when yakitori referred to pork as well as chicken skewers; ‘shige’ is in honour of the Prime Minister of that time, Shigeru Yoshida. In place of chopsticks, two bamboo skewers are used; meat-stuffed bell peppers are a tradition since the first generation. Beef was added by the second-generation chef; the use of rare cuts is an innovation by the current chef. In era after era, Torishige continues its success story."
Homemade Ramen Muginae,Homemade Ramen 麦苗,35.590775,139.732803,시나가와구,"6-11-10 Minamioi, Shinagawa-ku",140-0013,라멘,면,¥,,가능,https://guide.michelin.com/en/tokyo-region/tokyo/restaurant/homemade-ramen-muginae,"One of the essential processes of wheat cultivation is treading the wheat. When the wheat plants bud, farmers tread them down so they grow up strong. The owner-chef named his shop Muginae, ‘wheat seedling’, as a prayer that it would grow as it overcame adversity, a hopeful shoot on the forest floor. Ramen, fragrant and homemade, has a smooth finish. Soup is seasoned with soy sauce, salt and dried sardines. Word has spread like wildfire, and now customers tread the streets of Minamioi from early morning for a cup of this restaurant’s delicious broth."
Mochibuta Tonkatsu Taiyo,もち豚とんかつ たいよう,35.618815,139.706435,시나가와구,"3-22-7 Koyama, Shinagawa-ku",142-0062,돈카츠,일식,¥,+81 3-3786-1464,,https://guide.michelin.com/en/tokyo-region/tokyo/restaurant/mochibuta-tonkatsu-taiyo,"The shop takes such pride in the quality of its pork—Mochibuta, a domestic pork known for its tender meat and light, clean-flavoured fat—that the brand is in the name of the restaurant. Pork is deep-fried in vegetable oil, on a low flame at a leisurely pace, for a light texture. The chef is a study in undivided concentration as he hovers over his pots. Tonjiru pork soup is generously full of ingredients. The location is next to Musashikoyama Shopping Street, famed for its long arcade. Reservations are accepted for evenings. <br>"
Yakitori Abe,やきとり 阿部,35.633996,139.718071,시나가와구,"3-3-4 Kamiosaki, Shinagawa-ku",141-0021,야키토리,일식,¥¥,+81 3-5422-9834,가능,https://guide.michelin.com/en/tokyo-region/tokyo/restaurant/yakitori-abe,"The omakase yakitori selections keep coming until you say ‘stop’. Tempo modulates in constant flux: flavours alternate from light to rich, and textures from firm to tender, punctuated with vegetables for variety. Sizes of pieces on skewers vary by cut of meat, accentuating the character of each. In a practice unique to Japan, the chef wears a headband fashioned from a twisted towel, his face a mask of concentration as he focuses on one skewer at a time. Putting his training of the next generation to good use, the chef runs a disciplined kitchen team."
Kyorakutei,蕎楽亭,35.700778,139.739514,신주쿠구,"3-6 Kagurazaka, Shinjuku-ku",162-0825,소바,면,¥,+81 3-3269-3233,,https://guide.michelin.com/en/tokyo-region/tokyo/restaurant/kyorakutei,"The queue forms before the doors open. The reason for Kyorakutei’s popularity is the extensive menu, with drinks and snacks to sample between bites of soba. It’s great to visit any time, whether day or evening. Tempura choices are also abundant, and guests can order combination platters or individual items according to preference. Buckwheat is sourced from the chef’s native Aizu, with a focus on delivering the flavour of cold inaka soba (thick soba made with whole buckwheat) with a pleasing finish. Tomato soba, the early summer speciality, is worth waiting for."
L&#39;AMITIE,ラミティエ,35.712099,139.707969,신주쿠구,"2-9-12 Takadanobaba, Shinjuku-ku",169-0075,프렌치,유럽,¥¥,+81 3-5272-5010,,https://guide.michelin.com/en/tokyo-region/tokyo/restaurant/l-amitie-1194223,"Apprenticing at a bistro in Paris, the chef was captivated by its lively energy. At L'AMITIE, he has put down roots in Takadanobaba with this intimate diner where you can feel like part of the daily life of France. Offerings include meat terrine À la campagne, cassoulet and beef cheek simmered in red wine. À la carte items are prepared for two, so you can enjoy sharing. Savour Gallic culinary culture and the ambience of the French countryside."
Loiseau de France,ロワゾー・ドゥ・フランス,35.697974,139.740054,신주쿠구,"15 Ichigayafunagawaramachi, Shinjuku-ku",162-0826,프렌치,유럽,¥¥,+81 3-6280-7803,가능,https://guide.michelin.com/en/tokyo-region/tokyo/restaurant/loiseau-de-france,"Inside Institut Français de Tokyo, time flows slowly, the bustle of the city forgotten. The chalk-white building, designed to suggest a small village in the south of France, gently enfolds a courtyard. Poached eggs in red wine sauce and beef simmered in red wine bring a taste of Saulieu, in Burgundy’s Côte d’Or. Desserts are classic sweets selected from a trolley, as tradition dictates."
Meishan,梅香,35.701196,139.73633,신주쿠구,"37-39 Yokoteramachi, Shinjuku-ku",162-0831,중식,중식,¥¥,+81 3-3260-2658,,https://guide.michelin.com/en/tokyo-region/tokyo/restaurant/meishan,"Two sisters run this Sichuan restaurant, the elder tending flame and wok in the kitchen, the younger serving guests plates of steaming fare. Stir-fried vegetables, served with pickled vegetables and fermented tofu, are home-style favourites. Steamed chicken and mapo tofu use spices to bring out the flavours of the ingredients. Framed Chinese paper-cutout art adorns the walls; the music of the erhu sets the mood. The reverence for Chinese culture and food is unmistakable."
RAMEN MATSUI,ラーメン マツイ,35.689095,139.715487,신주쿠구,"4-25-10 Yotsuya, Shinjuku-ku",160-0004,라멘,면,¥,,가능,https://guide.michelin.com/en/tokyo-region/tokyo/restaurant/ramen-matsui,"The husband boils the noodles; the wife garnishes them with spring onion and fermented bamboo shoots. Between them, they bring alpha and omega together to complete each bowl of ramen. Flavours are based on soy sauce, salt and dried sardines. To bring out the aroma, pure rice sake is added to chicken or seafood dashi soup stock. Several types of fragrant oil are used, deepening the flavour experience. Kombu kelp, scallops and wheat flour, all from Hokkaido, infuse the husband’s love of his homeland."
Shinrakuki,新楽記,35.685578,139.723891,신주쿠구,"2-7 Wakaba, Shinjuku-ku",160-0011,중식,중식,¥¥,+81 3-6380-0423,가능,https://guide.michelin.com/en/tokyo-region/tokyo/restaurant/shinrakuki,"‘Hong Kong cuisine and organic wine’ sums up the concept. We recommend ordering Cantonese flame-broiled items to start. Meat is suspended over an open hearth for patient roasting. On the grill, meat is skewered or hung from special hooks and cooked over direct flame. Pork cuts and duck are sweetened with honey or malt sugar and seasoned with soy sauce or Chinese five-spice powder, which condense the umami as the meat broils. The steamed whole grouper and the pigeon pickled in tamari soy sauce are offered by advance reservation only."
Shokudo Wata,食堂わた,35.689798,139.713012,신주쿠구,"1-19-11 Shinjuku, Shinjuku-ku",160-0022,이자카야,일식,¥¥,+81 3-6822-7907,,https://guide.michelin.com/en/tokyo-region/tokyo/restaurant/shokudo-wata,"Putting to work his experience studying authentic Japanese cuisine, the chef opened this restaurant as an izakaya where people will drop in as part of their daily lives. A warm and gentle light spreads through the restaurant and into the street through wood-framed windows. Conceived to be enjoyed casually, the flavours in the simple fare are deep and complex. In the unassuming interior, one dish follows another, each prepared with painstaking attention to detail. Maybe this is the meaning of luxury within the everyday."
Soba Osame,蕎麦 おさめ,35.722628,139.701032,신주쿠구,"3-21-5 Shimochiai, Shinjuku-ku",161-0033,소바,면,¥¥,+81 3-6908-2362,가능,https://guide.michelin.com/en/tokyo-region/tokyo/restaurant/soba-osame,"With close cooperation with food producers as his creed, the chef devotes himself to his 100% buckwheat juwari soba. He only uses ingredients native to Japan, to convey the charm of old-school soba. Depending where his ingredients come from, his soba may be served on a wickerwork tray, and may be either coarse-ground or ground with husks included. His inquiring mind drives him to check each day’s soba, adjusting thickness and serving temperature according to its nature. His diligent application is raising soba to new levels, as his many regulars would agree."
Sushidokoro Shigeru,すし処 志げる,35.691759,139.721697,신주쿠구,"15 Funamachi, Shinjuku-ku",160-0006,스시,일식,¥¥,+81 3-3226-1588,,https://guide.michelin.com/en/tokyo-region/tokyo/restaurant/sushidokoro-shigeru,"The chef chose to hang his noren in his native Shinjuku out of his passion to offer ‘a sushi restaurant for the masses’, where guests can enjoy themselves in a casual atmosphere. For many diners, the draw is the omakase set menus. Putting to work his experience across various genres of Japanese cuisine, the chef begins the meal with steamed items, followed by grilled and simmered dishes. As he prepares nigiri sushi, the chef’s knife work is quick, practiced and sure. ‘Torotaku’, a dish of beaten tuna and pickled daikon, is a perennial favourite. The customer-oriented use of high-quality food at reasonable prices is welcome."
Tonkatsu Hinata,とんかつ ひなた,35.712956,139.707493,신주쿠구,"2-13-9 Takadanobaba, Shinjuku-ku",169-0075,돈카츠,일식,¥,+81 3-6380-2424,,https://guide.michelin.com/en/tokyo-region/tokyo/restaurant/tonkatsu-hinata,"Tonkatsu Hinata sources pork from two prestigious brands with different flavour profiles. Both are selected for the sweetness of their fat, tender meat, pleasantly firm texture, and abundant flavour. The shop buys pig carcasses whole, so it can offer a wide variety of cuts, including not only loin and tenderloin but also prime rib and rump. Order the evening prix fixe meal and you’ll enjoy the privilege of tasting rarer cuts— rump cap, pork jowl and eye-of-round— fried one after another."
Yakitori SANKA,焼鳥 山香,35.703438,139.732869,신주쿠구,"2F, 64-4 Yaraicho, Shinjuku-ku",162-0805,야키토리,일식,¥¥,+81 3-6265-0108,가능,https://guide.michelin.com/en/tokyo-region/tokyo/restaurant/yakitori-sanka,"A former hairdresser, the chef puts his skills with scissors to good use. Chicken for yakitori is cut along the fibres, making skewers that are pleasing to the eye. Salt is applied with the precision of a hairstylist, creating a symphony of flavours that feels meticulously crafted. While favouring chicken from Kochi Prefecture, the chef chooses the producing region according to the cut. Skill and beauty, fused in yakitori—be sure to give it a try."
Sasaki Seimenjo,佐々木製麺所,35.708552,139.592358,스기나미구,"4-26-10 Nishiogikita, Suginami-ku",167-0042,라멘,면,¥,,,https://guide.michelin.com/en/tokyo-region/tokyo/restaurant/sasaki-seimenjo,"The chef ’s aim is to create a ramen shop beloved by locals. He sources ingredients from greengrocers and butchers in Nishiogi, treasuring his interactions with local people. The distance from the train station is also a blessing, as neighbourhood schoolchildren and their families can be seen sitting shoulder-to-shoulder, happily slurping noodles. As befits the ‘Seimenjo’, or ‘noodle-maker’, in the name, his use of Japanese wheat is a selling point. In addition to standard thin noodles, he also offers flat noodles. The miso flavour is a much-anticipated treat in autumn and winter."
Sennomago,仙ノ孫,35.706387,139.595811,스기나미구,"4-4-2 Nishiogikita, Suginami-ku",167-0042,중식,중식,¥¥,+81 3-3390-4808,,https://guide.michelin.com/en/tokyo-region/tokyo/restaurant/sennomago,"The chef devotes himself to good health through a balanced diet, using Chinese medicines as seasoning to serve food that is salutary for both mind and body. Vegetables from his native Oita are grown by natural methods, making them gentle to the constitution. At dinner, there is a wide range of à la carte dishes, leaning toward Sichuan and Shanghai influences. The chef allows himself an individual take with the mapo tofu: drawing on a wealth of experience, he offers a choice of Sichuan, aged doubanjiang (Chinese broad bean chili paste) and salt. Lunchtime set menus are also popular."
Shiosoba Jiku,塩そば 時空,35.689738,139.618974,스기나미구,"4-14-7 Takaidohigashi, Suginami-ku",168-0072,라멘,면,¥,,가능,https://guide.michelin.com/en/tokyo-region/tokyo/restaurant/shiosoba-jiku,"The chef heard the call to the culinary life one day while riding his father’s motorcycle on a long tour around the Seto Inland Sea. When he happened upon a ramen shop along the way, the taste of the salty soba touched his soul. He combines a clear seafood broth with homemade noodles crafted with aroma in mind. The ceiling decoration recalls the roof of an old-time food stall, honouring how ramen culture spread in his native Hiroshima Prefecture."
Tensuke,天すけ,35.705867,139.64872,스기나미구,"3-22-7 Koenjikita, Suginami-ku",166-0002,텐푸라,일식,¥,+81 3-3223-8505,,https://guide.michelin.com/en/tokyo-region/tokyo/restaurant/tensuke,"The lines that form outside Tensuke at lunchtime are a part of the Koenji landscape. Inside, one voice after another calls for the ‘Egg Lunch’. Accompanying the speciality of deep-fried egg on rice, tempura items are fried in a set order. Another speciality is the performance of the chef, who tosses the eggshells in the air in poses worthy of a kabuki actor. The idea is to make the waiting time fun, too. Deep-fried eggs fill mouths with yolk and smiles."
there is ramen,ゼアー イズ ラーメン,35.70737,139.618381,스기나미구,"3-10-16 Amanuma, Suginami-ku",167-0032,라멘,면,¥,,,https://guide.michelin.com/en/tokyo-region/tokyo/restaurant/there-is-ramen,"The soup accentuates the umami of the meats with the flavour of dried sardines; if you’re looking for soup with a unique and beguiling taste, you’ve found it here. Chashumen, ramen topped with roasted pork, is so covered in pork slices that they hide the noodles. Rice is available as an extra with the ramen, so try placing some of the roasted pork on top of it to make chashudon, roast-pork rice. Impressive and satisfying indeed, as if to say there is ramen here."
Edosoba Hosokawa,江戸蕎麦 ほそ川,35.696701,139.798036,스미다구,"1-6-5 Kamezawa, Sumida-ku",130-0014,소바,면,¥,+81 3-3626-1125,,https://guide.michelin.com/en/tokyo-region/tokyo/restaurant/edosoba-hosokawa,"An old-school soba shop founded by a Katsushika-born chef. With ‘good food requires good ingredients’ as his credo, he scours Japan end-to-end to find the highest-quality buckwheat, vegetables and seafood. Among his à la carte offerings, he takes pride in temptations such as conger eel, either fried as tempura or simmered. Juwari soba, handmade from raw buckwheat flour, is fine and silky smooth. Everything here, from the crockery to the food to the interior, oozes old-time soba-shop charm. Amidst the old Edo ambience of Ryogoku, a food culture of deep roots and subtle traditions lives on."
Shutei Tanaka,酒亭 田中,35.731387,139.819549,스미다구,"3-25-7 Sumida, Sumida-ku",131-0031,야키토리,일식,¥¥,+81 3-3617-6615,가능,https://guide.michelin.com/en/tokyo-region/tokyo/restaurant/shutei-tanaka,"A competitive performance in yakitori run by two brothers, both hailing from other disciplines of Japanese cuisine. Dinner is served prix fixe, with the brothers taking turns serving. Chicken skewers are mainly served salted, keeping the focus on the flavour of the locally raised chicken. As the name ‘Shutei’, meaning something like pub, suggests, the neatly cut snacks and yakitori keep the sake going down smoothly. A number of choices are available for the final dish. Enjoy the ‘baton relay’ of the oyakodon, with the younger brother grilling the chicken and the elder brother wrapping it in egg."
Sobakappo Nagano,蕎麦割烹 ながの,35.719268,139.814993,스미다구,"2-20-6 Higashimukojima, Sumida-ku",131-0032,소바,면,¥¥,+81 3-6675-0167,가능,https://guide.michelin.com/en/tokyo-region/tokyo/restaurant/sobakappo-nagano,"The name ‘Sobakappo’ encapsulates the chef’s career. He draws on his experience in Japanese cuisine to patiently craft stews and salads of cooked vegetables. Combination platters feature an impressive variety of small dishes designed to complement sake, including simmered herring in sweet soy sauce and marinated grilled shrimp. Soba comes in two varieties: seiro soba served on a wickerwork tray or coarse-ground soba. Noodles are made differently according to terroir, accentuating differences in flavour. A soba apprenticeship: laughing, struggling and loving with soba."
Asakusa Hirayama,浅草 ひら山,35.710706,139.789854,다이토구,"1-3-14 Nishiasakusa, Taito-ku",111-0035,소바,면,¥¥,+81 3-5830-6857,가능,https://guide.michelin.com/en/tokyo-region/tokyo/restaurant/asakusa-hirayama,"Asakusa Hirayama hangs out its shop curtain near Kappabashi; the calligraphy is done by the chef’s grandmother, a calligraphy teacher, expressing her joy in her grandson becoming an independent restaurateur. The counter seating harks back to his background as a kappo cook and his cheerful demeanour makes guests feel welcome. Soba is preceded by standards like jellied broth of conger eel or stew of duck breast. Tempura items are deep-fried one by one, as good as you’d find in a tempura specialty shop. The 100% buckwheat soba noodles, prepared with homemade flour made with unpolished buckwheat, are richly flavoursome."
grill GRAND,グリル グランド,35.716956,139.797534,다이토구,"3-24-6 Asakusa, Taito-ku",111-0032,요쇼쿠,일식,¥,+81 3-3874-2351,,https://guide.michelin.com/en/tokyo-region/tokyo/restaurant/grill-grand,"Beloved in Asakusa for three generations, this yoshoku restaurant treats demi-glace sauce as the soul of its kitchen. The most popular dish here is beef stew. Omurice is served with a choice of demi-glace or ketchup, a nod to the legacy shared between the former chef and his guests. The restaurant’s logo, a medieval-style shield adorned with the French tricolour, was inspired by a gift from a regular — a gesture that speaks to the warmth and goodwill of Tokyo’s traditional neighbourhoods."
Hatsuogawa,初小川,35.709758,139.794528,다이토구,"2-8-4 Kaminarimon, Taito-ku",111-0034,장어,일식,¥¥,+81 3-3844-2723,,https://guide.michelin.com/en/tokyo-region/tokyo/restaurant/hatsuogawa,"A veteran eel shop loved by Asakusa locals since the early years of the 20th century. The restaurant is named after the previous proprietor, Hatsutaro; by happy coincidence, ‘ogawa’ means ‘little river’, the favoured habitat of eels. The current proprietor’s wife runs the restaurant with her family, preparing kabayaki with a sauce recipe handed down from the founder. It is a pleasure to wait, enjoying appetizers with sake, while the chef grills your eel. The many ‘senjafuda’, slips of paper posted on shrine pillars by worshippers, attest to the shop’s many loyal customers."
noura,ノウラ,35.718455,139.797106,다이토구,"4-10-6 Asakusa, Taito-ku",111-0032,프렌치,유럽,¥¥,+81 3-6458-1255,가능,https://guide.michelin.com/en/tokyo-region/tokyo/restaurant/noura,"The name means ‘behind’, as in ‘behind the MICHELIN two-star restaurant out front’. In contrast to HOMMAGE, the purveyor of creative cuisine, noura is a homelike bistro that sticks to the basics. French onion soup, fish quenelle and duck confit are some of the French regional dishes on offer. Steak frîtes, a French comfort food, are a crowd-pleaser. This is French food culture for everyday life."
Onigiri Asakusa Yadoroku,おにぎり 浅草 宿六,35.716906,139.794753,다이토구,"3-9-10 Asakusa, Taito-ku",111-0032,오니기리,일식,¥,+81 3-3874-1615,,https://guide.michelin.com/en/tokyo-region/tokyo/restaurant/onigiri-asakusa-yadoroku,"This family has been serving onigiri in Asakusa for three generations. Ingredients are arrayed inside a glass case, as at a sushi shop, to be formed into onigiri on the spot. Offerings range from salmon and dried plum to rarer items such as herring roe pickled in sake lees and opossum shrimp preserved and simmered in sweetened soy sauce. Offering a wide range of ingredients allows customers to choose based on their physical condition; the area was once home to numerous bars and pubs, so customers would drop in for morsels to soothe constitutions punished by a night on the town."
Ponta Honke,ぽん多 本家,35.70631,139.773007,다이토구,"3-23-3 Ueno, Taito-ku",110-0005,요쇼쿠,일식,¥¥,+81 3-3831-2351,가능,https://guide.michelin.com/en/tokyo-region/tokyo/restaurant/ponta-honke,"Since its inception in 1905, this Western restaurant has been run by four generations of the same family. The chef’s famous cutlet is deep-fried in lard carefully trimmed from the pork he will fry. Everything is done by hand, as it has been from the first generation. The youthful energy and practiced skill of the chef is evident in every detail, even down to the hand-chopped cabbage. Traditional flavours and skills testify to his mettle. Delicious fare and the gentle ambience of a family enterprise make everyone feel at home."
Sugita,すぎ田,35.706397,139.79104,다이토구,"3-8-3 Kotobuki, Taito-ku",111-0042,돈카츠,일식,¥,+81 3-3844-5529,가능,https://guide.michelin.com/en/tokyo-region/tokyo/restaurant/sugita,"‘Tonkatsu is food for the masses’, explains the second-generation chef, as he aims to serve up fare that is familiar and comforting. Copper pots polished till gleaming and plain wooden counters display a craftsman’s spirit. Two pots are used: one containing hot oil and the other cooler oil. Pork loin is shorn of extra fat and thinly battered. Tonkatsu is the star attraction, so no meat is added to the pork miso soup. As the chef works, a photo of his father in chef’s whites watches over him."
Tompachitei,とん八亭,35.708414,139.773726,다이토구,"4-3-4 Ueno, Taito-ku",110-0005,돈카츠,일식,¥,+81 3-3831-4209,,https://guide.michelin.com/en/tokyo-region/tokyo/restaurant/tompachitei,"This popular spot lies in a back-alley near Ameya-Yokocho. Defending the restaurant’s noren is its third-generation chef, who grew up in this part of Ueno but sharpened his skills in Europe. Tonkatsu here is primarily pork loin cutlets. Applying his knowledge of Western techniques, the chef fries thick cuts of pork in relatively cool lard over a gentle flame. With rock salt, Worcestershire sauce, tonkatsu sauce and soy sauce on offer, it’s fun to compare how each tastes. Be prepared to queue first."
Japanese Ramen Gokan,Japanese Ramen 五感,35.732982,139.717911,도시마구,"2-57-2 Higashiikebukuro, Toshima-ku",170-0013,라멘,면,¥,,가능,https://guide.michelin.com/en/tokyo-region/tokyo/restaurant/japanese-ramen-gokan,"The food looks great, the aroma whets the appetite, the flavour captivates: this ramen sets all five senses tingling. The word ‘Japanese’ in the shop’s name indicates that this is authentic Japan-made ramen; the name is written in Latin script to proclaim Japan’s comfort food to the world. Flavours of each region come together in a single bowl: salt ramen with shijimi and hamaguri clams; soy-sauce ramen with free-range chicken and kombu. Ceramic bowls handmade by a potter are used instead of porcelain. From ingredients to dining ware, the shop revisits the bounty and wonder of Japanese food culture."
Katchar Batchar,カッチャル バッチャル,35.727287,139.729481,도시마구,"2F, 3-2-10 Minamiotsuka, Toshima-ku",170-0005,인도,아시아,¥,+81 3-5954-5551,,https://guide.michelin.com/en/tokyo-region/tokyo/restaurant/katchar-batchar,"From the north, butter chicken; from the west, pork vindaloo; shrimp curry from the south – such a lineup of flavours from every region of India adds breadth to the joy that is Indian cooking. Tandoori chicken and vegetables are cooked using the radiant heat of a tandoor. For spices, the basic triad is cumin, coriander and turmeric. To keep the flavours of meats and vegetables at the fore, the number of spices is kept to a minimum."
Matsunozushi,松野寿し,35.726117,139.690794,도시마구,"2-16-12 Minaminagasaki, Toshima-ku",171-0052,스시,일식,¥¥,+81 3-3951-3588,,https://guide.michelin.com/en/tokyo-region/tokyo/restaurant/matsunozushi,"Sushi items lined up inside a glass display case ooze Showa-era ambience. A sushi shop of the old school, and that’s how the chef likes it. Cutting and serving the sushi himself, the chef offers everything from omakase set menus to à la carte. Tuna is marinated in soy sauce; conger eel is coated in a thick, sweet eel sauce; and egg is served ‘kurakake’ or ‘saddle-style’: layered into a cake and split over a bite-sized mound of vinegared rice. The character for ‘sushi’ combines the characters for ‘fish’ and ‘delicious’. The pursuit of essential Edo style expresses the chef’s pride in his craft better than any words."
Mejiro Shunkotei,目白 旬香亭,35.721514,139.70736,도시마구,"2F, Trad Mejiro, 2-39-1 Mejiro, Toshima-ku",171-0031,요쇼쿠,일식,¥¥,+81 3-5927-1606,가능,https://guide.michelin.com/en/tokyo-region/tokyo/restaurant/mejiro-shunkotei,"‘Novel yet nostalgic Western food’ is the theme here. Hamburger steaks with dollops of demi-glace sauce and gratin dressed in silky smooth béchamel sauce are prepared in time-honoured ways, bringing back the flavours of the good old days. Decompression-prepared salad offers rich flavours and uniquely fresh textures. Unchanging methods combine with advanced cooking techniques declare a new approach to Western favourites."
Mejiro Zorome,目白 ぞろ芽,35.721552,139.706358,도시마구,"B1F, 3-3-1 Mejiro, Toshima-ku",171-0031,장어,일식,¥¥,+81 3-6908-3653,가능,https://guide.michelin.com/en/tokyo-region/tokyo/restaurant/mejiro-zorome,"Unagi are dressed, skewered and grilled over high-grade charcoal. From the counter seats, the whole series of cooking scenes can be observed. The unagi are kept alive in purifying tanks until they are dressed, then dipped three times in sauce and grilled Edo-style. Sauce is used sparingly, letting the flavour of the fish speak for itself. Rice cooked somewhat firm, and freshly ground sansho pepper deliver a distinctive touch. Skilful restraint shows in the short steaming time and sparing use of sauce."
Negima,ねぎま,35.734057,139.729926,도시마구,"B1F, 2-31-19 Kitaotsuka, Toshima-ku",170-0004,일식,일식,¥¥,+81 80-8739-8566,가능,https://guide.michelin.com/en/tokyo-region/tokyo/restaurant/negima,"Negima-nabe, a tuna and spring onion stew, is a tradition handed down since the days of the shoguns. At a time when lean meat was treasured, this stew was contrived as a way of lightening the texture of toro, the fatty cut of tuna. Enchanted with Edo-era cooking, the proprietress of Negima revived it. True to original recipes, the dish uses neither kombu nor mirin. The meal ends with ‘pepper rice’, a dish of fresh-cooked rice seasoned with broth from the pot and pepper. Sample the pure cooking that true Edo-ites have always loved."
Sosakumenkobo NAKIRYU,創作麺工房 鳴龍,35.728677,139.730345,도시마구,"2-34-4 Minamiotsuka, Toshima-ku",170-0005,라멘,면,¥,+81 3-6304-1811,,https://guide.michelin.com/en/tokyo-region/tokyo/restaurant/sosakumenkobo-nakiryu,"‘Nakiryu’ means ‘roaring dragon’. The name is rich with meaning: it’s a reference to the dragon of Yakushido Hall in the Nikko Toshogu Shrine, to hopes for business growth, and to the couple who craft bowls of ramen together in perfect sync, both born in the Year of the Dragon. Dandan noodles create a synergy of flavours—layering meat miso, Chinese sesame paste, and chilli oil for a deep, amplified umami. Soy-sauce ramen owes its elegant flavour to its soup, drawn from whole chicken and oysters. À la carte items such as steamed chicken with spicy sauce and shrimp wontons exemplify experience with Chinese cuisine."